index,node,cnt
0,443256,41
1,110138,29
2,463698,19
3,91573,18
4,105573,16
5,106008,14
6,107252,14
7,1236300,13
8,103050,12
9,103012,12
10,111170,12
11,98094,12
12,107423,12
13,103352,11
14,108111,11
15,89656,11
16,109534,11
17,4054009,10
18,91704,10
19,102605,10
20,2400279,9
21,1177555,9
22,103438,9
23,2445310,9
24,105074,9
25,108605,9
26,98542,9
27,1522122,9
28,370469,9
29,106545,9
30,106515,9
31,111620,9
32,770803,9
33,111722,9
34,165702,9
35,103301,8
36,101031,8
37,96405,8
38,100708,8
39,4059716,8
40,105382,8
41,85412,8
42,104321,8
43,107729,8
44,106285,8
45,104716,8
46,106641,8
47,106598,8
48,106845,8
49,397156,8
50,109309,8
51,100567,8
52,109382,8
53,103311,7
54,107938,7
55,373791,7
56,387362,7
57,106761,7
58,102804,7
59,102372,7
60,1571353,7
61,106345,7
62,406158,7
63,109009,7
64,106170,7
65,103597,7
66,109631,7
67,98441,7
68,2383645,7
69,85330,7
70,106862,6
71,97374,6
72,375896,6
73,106497,6
74,111984,6
75,2429802,6
76,2449770,6
77,107715,6
78,104646,6
79,108786,6
80,102189,6
81,89446,6
82,2620886,6
83,107025,6
84,2620807,6
85,107038,6
86,107014,6
87,107717,6
88,111020,6
89,109693,6
90,100233,6
91,102139,6
92,97242,6
93,2342289,6
94,109561,6
95,105511,6
96,105142,6
97,2443077,6
98,111838,6
99,2455822,6
100,104316,6
101,107359,6
102,104952,6
103,104856,6
104,106366,6
105,112682,6
106,1782385,6
107,104374,5
108,108377,5
109,145708,5
110,1200229,5
111,91057,5
112,108421,5
113,108284,5
114,108567,5
115,108800,5
116,108713,5
117,103855,5
118,2462780,5
119,109301,5
120,110424,5
121,103694,5
122,109665,5
123,103770,5
124,109186,5
125,94515,5
126,89858,5
127,94508,5
128,103979,5
129,103201,5
130,103987,5
131,108609,5
132,108182,5
133,107691,5
134,108115,5
135,104943,5
136,106451,5
137,105746,5
138,106544,5
139,2388306,5
140,1742633,5
141,106282,5
142,105742,5
143,108153,5
144,105721,5
145,103347,5
146,102795,5
147,109881,5
148,105547,5
149,105517,5
150,104681,5
151,106548,5
152,90039,5
153,106997,5
154,106984,5
155,1670188,5
156,92076,5
157,107200,5
158,104521,5
159,107492,5
160,108263,5
161,107731,5
162,104385,5
163,107913,5
164,103944,5
165,107962,5
166,108189,5
167,91122,5
168,85272,5
169,1527473,5
170,110933,5
171,111301,5
172,110929,5
173,101741,5
174,101764,5
175,103518,5
176,103226,5
177,110235,5
178,101864,5
179,112903,5
180,112206,5
181,111719,5
182,110377,5
183,2436853,5
184,111302,5
185,110763,5
186,110641,5
187,91054,5
188,109924,5
189,1786971,5
190,102991,5
191,111262,5
192,109767,5
193,99296,5
194,102879,5
195,112296,5
196,96889,5
197,111169,5
198,111148,5
199,109935,5
200,103355,5
201,102604,5
202,99506,5
203,103632,5
204,628328,4
205,106881,4
206,118188,4
207,111423,4
208,106865,4
209,1520336,4
210,106601,4
211,106591,4
212,1869722,4
213,106850,4
214,1742776,4
215,686833,4
216,111259,4
217,111203,4
218,111221,4
219,1087667,4
220,106935,4
221,107163,4
222,111303,4
223,107262,4
224,105289,4
225,106395,4
226,117837,4
227,108281,4
228,1773413,4
229,107411,4
230,145122,4
231,111869,4
232,109643,4
233,109670,4
234,1485311,4
235,105825,4
236,105497,4
237,105659,4
238,105594,4
239,2373973,4
240,111834,4
241,111953,4
242,105409,4
243,108530,4
244,111712,4
245,112325,4
246,111513,4
247,112291,4
248,106354,4
249,111662,4
250,1444734,4
251,106383,4
252,111166,4
253,112906,4
254,103492,4
255,2461826,4
256,85797,4
257,112904,4
258,106249,4
259,106085,4
260,105889,4
261,111727,4
262,105749,4
263,107488,4
264,107684,4
265,107486,4
266,2443840,4
267,109964,4
268,2059288,4
269,2871,4
270,1633997,4
271,343137,4
272,109091,4
273,108898,4
274,110077,4
275,108858,4
276,112631,4
277,108606,4
278,108484,4
279,110313,4
280,108598,4
281,108590,4
282,1740283,4
283,109299,4
284,1766914,4
285,109265,4
286,109827,4
287,109635,4
288,109777,4
289,109838,4
290,1504839,4
291,109540,4
292,109450,4
293,109311,4
294,109905,4
295,109908,4
296,109934,4
297,112805,4
298,112677,4
299,2413967,4
300,109463,4
301,108613,4
302,112448,4
303,110662,4
304,108489,4
305,110926,4
306,107978,4
307,757025,4
308,107980,4
309,111000,4
310,107705,4
311,110979,4
312,107668,4
313,1512718,4
314,118157,4
315,107685,4
316,107663,4
317,111175,4
318,107872,4
319,108264,4
320,107964,4
321,107934,4
322,110959,4
323,112848,4
324,108432,4
325,110676,4
326,798076,4
327,108330,4
328,112457,4
329,121165,4
330,108166,4
331,108220,4
332,108138,4
333,110692,4
334,108137,4
335,110698,4
336,110771,4
337,509653,4
338,1693796,4
339,2455763,4
340,103367,4
341,103791,4
342,104200,4
343,103481,4
344,1997012,4
345,103379,4
346,103772,4
347,104786,4
348,103264,4
349,100711,4
350,104272,4
351,101079,4
352,96594,4
353,103624,4
354,103870,4
355,103842,4
356,94091,4
357,104822,4
358,104894,4
359,101097,4
360,97290,4
361,103099,4
362,104490,4
363,100694,4
364,102167,4
365,100759,4
366,105232,4
367,103902,4
368,85440,4
369,108985,4
370,85451,4
371,104540,4
372,103875,4
373,104322,4
374,102353,4
375,104523,4
376,100926,4
377,101824,4
378,103950,4
379,104473,4
380,101773,4
381,104709,4
382,103563,4
383,99113,4
384,104537,4
385,102601,4
386,103442,4
387,110873,3
388,118205,3
389,679984,3
390,107689,3
391,104407,3
392,112173,3
393,104422,3
394,112205,3
395,358983,3
396,107793,3
397,110824,3
398,112119,3
399,109303,3
400,3598878,3
401,102987,3
402,107951,3
403,107944,3
404,111094,3
405,1355298,3
406,104373,3
407,107824,3
408,112088,3
409,1357440,3
410,107917,3
411,112042,3
412,109499,3
413,109380,3
414,100061,3
415,109514,3
416,112122,3
417,503094,3
418,1769614,3
419,107701,3
420,313449,3
421,112204,3
422,118106,3
423,107256,3
424,112417,3
425,112478,3
426,107182,3
427,109510,3
428,112485,3
429,106037,3
430,107184,3
431,97966,3
432,1421177,3
433,110762,3
434,778653,3
435,1639606,3
436,104504,3
437,107160,3
438,112646,3
439,107083,3
440,109573,3
441,107084,3
442,107009,3
443,109570,3
444,107045,3
445,96205,3
446,109532,3
447,109537,3
448,108712,3
449,1788361,3
450,109330,3
451,112197,3
452,107553,3
453,107606,3
454,107636,3
455,112293,3
456,109430,3
457,108160,3
458,107481,3
459,107487,3
460,109515,3
461,403793,3
462,107480,3
463,109462,3
464,89476,3
465,110794,3
466,109405,3
467,112331,3
468,98854,3
469,1518899,3
470,121158,3
471,112324,3
472,107367,3
473,2467058,3
474,2448649,3
475,118298,3
476,2276935,3
477,118381,3
478,111208,3
479,108751,3
480,103962,3
481,102474,3
482,2104677,3
483,536025,3
484,112049,3
485,552329,3
486,99426,3
487,108571,3
488,108566,3
489,108838,3
490,108967,3
491,108581,3
492,1743723,3
493,104139,3
494,103923,3
495,2002893,3
496,104038,3
497,108969,3
498,108541,3
499,2513954,3
500,109012,3
501,111503,3
502,101558,3
503,101997,3
504,111373,3
505,796231,3
506,1117033,3
507,1116541,3
508,2105795,3
509,111293,3
510,109241,3
511,102294,3
512,111364,3
513,108961,3
514,109008,3
515,111356,3
516,108990,3
517,108650,3
518,108768,3
519,111415,3
520,109027,3
521,103887,3
522,111499,3
523,111717,3
524,102436,3
525,108987,3
526,111480,3
527,111491,3
528,2188188,3
529,111628,3
530,101912,3
531,107933,3
532,1535858,3
533,145843,3
534,2362457,3
535,101164,3
536,77895,3
537,103697,3
538,111904,3
539,111893,3
540,104241,3
541,108114,3
542,2459422,3
543,104453,3
544,109308,3
545,111863,3
546,111917,3
547,112052,3
548,104545,3
549,108100,3
550,1780609,3
551,109513,3
552,102656,3
553,107960,3
554,107969,3
555,1376478,3
556,111986,3
557,110032,3
558,1567782,3
559,1503668,3
560,1269282,3
561,108556,3
562,536516,3
563,100240,3
564,102703,3
565,108416,3
566,108427,3
567,108429,3
568,1859792,3
569,111657,3
570,109067,3
571,102770,3
572,111159,3
573,108283,3
574,111164,3
575,108471,3
576,111750,3
577,111630,3
578,111115,3
579,108538,3
580,101643,3
581,1087611,3
582,513458,3
583,108333,3
584,1116658,3
585,104300,3
586,108845,3
587,110589,3
588,112660,3
589,106546,3
590,109387,3
591,109717,3
592,109628,3
593,2382125,3
594,112680,3
595,105221,3
596,106335,3
597,386074,3
598,2499246,3
599,1663836,3
600,106300,3
601,105244,3
602,112786,3
603,104532,3
604,109815,3
605,112825,3
606,1522092,3
607,112704,3
608,366972,3
609,110413,3
610,117892,3
611,1669293,3
612,106452,3
613,106086,3
614,104779,3
615,112868,3
616,145918,3
617,112866,3
618,1201720,3
619,110354,3
620,96819,3
621,109653,3
622,110373,3
623,1471238,3
624,104769,3
625,106334,3
626,109701,3
627,106447,3
628,106822,3
629,112777,3
630,104790,3
631,367165,3
632,1815299,3
633,1753039,3
634,110323,3
635,106514,3
636,110254,3
637,109825,3
638,2394389,3
639,2372597,3
640,103959,3
641,110221,3
642,104932,3
643,93425,3
644,142875,3
645,246242,3
646,105024,3
647,110715,3
648,110067,3
649,109199,3
650,93234,3
651,109891,3
652,1638328,3
653,109751,3
654,109097,3
655,109761,3
656,106284,3
657,109254,3
658,109685,3
659,105152,3
660,784554,3
661,2385882,3
662,106259,3
663,110553,3
664,106142,3
665,106107,3
666,94648,3
667,1237936,3
668,1067256,3
669,1360803,3
670,106087,3
671,110478,3
672,2435512,3
673,2430249,3
674,2428092,3
675,1510442,3
676,1752204,3
677,109626,3
678,1682240,3
679,110339,3
680,2363163,3
681,106880,3
682,112911,3
683,106658,3
684,112566,3
685,104250,3
686,106962,3
687,2417455,3
688,110484,3
689,105342,3
690,110561,3
691,105329,3
692,1520677,3
693,109574,3
694,105425,3
695,109647,3
696,1796983,3
697,112584,3
698,104605,3
699,726705,3
700,110045,3
701,109661,3
702,112608,3
703,110518,3
704,110529,3
705,104677,3
706,106739,3
707,110223,3
708,105254,3
709,106777,3
710,106864,3
711,104700,3
712,1509703,3
713,1135929,3
714,104471,3
715,117869,3
716,106507,3
717,2427974,3
718,104695,3
719,88468,3
720,110022,3
721,104649,3
722,104287,3
723,109703,3
724,106987,3
725,105188,3
726,110587,3
727,105222,3
728,105132,3
729,109721,3
730,108433,3
731,110056,3
732,1669097,3
733,106576,3
734,1669089,3
735,112640,3
736,106945,3
737,1868703,3
738,1377577,3
739,1746247,3
740,110488,3
741,1528314,3
742,111353,2
743,2629208,2
744,111288,2
745,111123,2
746,111051,2
747,102784,2
748,130160,2
749,110213,2
750,110053,2
751,1059230,2
752,111139,2
753,110048,2
754,102726,2
755,111218,2
756,2105618,2
757,118407,2
758,2598797,2
759,110175,2
760,110324,2
761,111092,2
762,110231,2
763,131159,2
764,110233,2
765,111099,2
766,110154,2
767,110170,2
768,110300,2
769,110105,2
770,110119,2
771,111207,2
772,2620697,2
773,110117,2
774,1060490,2
775,110118,2
776,110065,2
777,375879,2
778,102344,2
779,771995,2
780,110094,2
781,2620702,2
782,4066899,2
783,111264,2
784,111249,2
785,111255,2
786,111145,2
787,110080,2
788,110091,2
789,111204,2
790,110246,2
791,1579143,2
792,1690410,2
793,110085,2
794,118443,2
795,111615,2
796,102265,2
797,498051,2
798,1733248,2
799,111228,2
800,110092,2
801,110127,2
802,110099,2
803,445078,2
804,1252086,2
805,110101,2
806,110104,2
807,1505453,2
808,111308,2
809,111185,2
810,110309,2
811,111226,2
812,103255,2
813,110768,2
814,1591817,2
815,412022,2
816,110546,2
817,1662029,2
818,110775,2
819,110737,2
820,110516,2
821,122258,2
822,447943,2
823,431931,2
824,118483,2
825,121149,2
826,2519770,2
827,103259,2
828,110382,2
829,122243,2
830,1914487,2
831,110460,2
832,110828,2
833,1087737,2
834,110831,2
835,103402,2
836,110378,2
837,776747,2
838,110825,2
839,110774,2
840,110795,2
841,122242,2
842,110746,2
843,102591,2
844,110701,2
845,110599,2
846,396175,2
847,2099804,2
848,110645,2
849,1729616,2
850,110559,2
851,1747923,2
852,110742,2
853,110766,2
854,110661,2
855,118505,2
856,2459031,2
857,110477,2
858,1745425,2
859,110690,2
860,110985,2
861,110552,2
862,110773,2
863,110532,2
864,110699,2
865,2454245,2
866,110984,2
867,110753,2
868,121164,2
869,103170,2
870,110916,2
871,110292,2
872,2003292,2
873,894487,2
874,110953,2
875,777619,2
876,110312,2
877,110991,2
878,110960,2
879,1985223,2
880,1560611,2
881,118452,2
882,110212,2
883,111023,2
884,1753160,2
885,110259,2
886,118487,2
887,103457,2
888,111091,2
889,777958,2
890,1495620,2
891,111056,2
892,773551,2
893,111043,2
894,111108,2
895,1537337,2
896,2272972,2
897,1580457,2
898,111188,2
899,1880763,2
900,1393847,2
901,110899,2
902,110367,2
903,110999,2
904,118496,2
905,110993,2
906,110919,2
907,2361357,2
908,1636806,2
909,110992,2
910,110918,2
911,111062,2
912,478608,2
913,111019,2
914,110474,2
915,110440,2
916,1404975,2
917,111012,2
918,110361,2
919,1787427,2
920,102976,2
921,1407600,2
922,110322,2
923,110987,2
924,110318,2
925,2335623,2
926,110731,2
927,110293,2
928,110326,2
929,105171,2
930,111822,2
931,2031955,2
932,118014,2
933,564320,2
934,112587,2
935,112595,2
936,118031,2
937,112642,2
938,112632,2
939,2461278,2
940,725552,2
941,112617,2
942,112601,2
943,112604,2
944,1687202,2
945,118030,2
946,112565,2
947,715650,2
948,2462773,2
949,1781262,2
950,2382064,2
951,112400,2
952,112679,2
953,112693,2
954,1663751,2
955,112699,2
956,94782,2
957,1740448,2
958,96276,2
959,112737,2
960,96424,2
961,1723541,2
962,1534785,2
963,2461257,2
964,1667417,2
965,562712,2
966,590210,2
967,1534588,2
968,1517134,2
969,112603,2
970,2528498,2
971,118019,2
972,2440978,2
973,685132,2
974,576263,2
975,118148,2
976,118093,2
977,112464,2
978,112459,2
979,1780831,2
980,112452,2
981,118036,2
982,1636527,2
983,118101,2
984,1149515,2
985,118098,2
986,118144,2
987,2448479,2
988,2448618,2
989,112489,2
990,1788371,2
991,118134,2
992,118071,2
993,112561,2
994,112567,2
995,112505,2
996,97561,2
997,112573,2
998,112593,2
999,1497359,2
1000,1777832,2
1001,112517,2
1002,1657475,2
1003,2381074,2
1004,1666311,2
1005,2362733,2
1006,1657676,2
1007,2441435,2
1008,1717368,2
1009,2452266,2
1010,1148450,2
1011,103531,2
1012,1722709,2
1013,671465,2
1014,112870,2
1015,112896,2
1016,1781943,2
1017,601498,2
1018,112867,2
1019,725510,2
1020,112792,2
1021,117893,2
1022,1471480,2
1023,2429816,2
1024,112890,2
1025,1504334,2
1026,117884,2
1027,112807,2
1028,2410270,2
1029,103921,2
1030,6381,2
1031,1788968,2
1032,102839,2
1033,1087956,2
1034,117854,2
1035,1728613,2
1036,112919,2
1037,1660247,2
1038,1512299,2
1039,1087952,2
1040,663691,2
1041,117875,2
1042,156353,2
1043,117863,2
1044,1746215,2
1045,117865,2
1046,117864,2
1047,117922,2
1048,117905,2
1049,1740593,2
1050,1207802,2
1051,118074,2
1052,2428074,2
1053,117937,2
1054,117936,2
1055,117964,2
1056,117958,2
1057,117950,2
1058,1375314,2
1059,105766,2
1060,112775,2
1061,117934,2
1062,112710,2
1063,112706,2
1064,1213708,2
1065,1119856,2
1066,112701,2
1067,117967,2
1068,2411822,2
1069,117957,2
1070,2459736,2
1071,104135,2
1072,2614075,2
1073,90897,2
1074,735460,2
1075,117841,2
1076,1506579,2
1077,1431594,2
1078,1688238,2
1079,1862320,2
1080,92702,2
1081,1674138,2
1082,2406485,2
1083,2388301,2
1084,1523453,2
1085,1653372,2
1086,112384,2
1087,679550,2
1088,102360,2
1089,111693,2
1090,111730,2
1091,111955,2
1092,111713,2
1093,111735,2
1094,118369,2
1095,101671,2
1096,111623,2
1097,101833,2
1098,111724,2
1099,164421,2
1100,536033,2
1101,1449865,2
1102,111666,2
1103,111681,2
1104,111598,2
1105,1087668,2
1106,111754,2
1107,767677,2
1108,118135,2
1109,111851,2
1110,1773240,2
1111,2402265,2
1112,111924,2
1113,1983018,2
1114,111839,2
1115,2107112,2
1116,111788,2
1117,111772,2
1118,1523665,2
1119,100934,2
1120,853754,2
1121,112074,2
1122,112127,2
1123,118359,2
1124,516408,2
1125,111758,2
1126,111597,2
1127,111555,2
1128,1463452,2
1129,111403,2
1130,111404,2
1131,111412,2
1132,111441,2
1133,111361,2
1134,111464,2
1135,772197,2
1136,1368507,2
1137,111432,2
1138,111603,2
1139,111304,2
1140,1060523,2
1141,118391,2
1142,111832,2
1143,102224,2
1144,102358,2
1145,1754997,2
1146,111471,2
1147,111728,2
1148,111797,2
1149,185180,2
1150,118364,2
1151,111617,2
1152,118372,2
1153,111546,2
1154,111539,2
1155,1359010,2
1156,111938,2
1157,102086,2
1158,111509,2
1159,111508,2
1160,111500,2
1161,2107225,2
1162,111514,2
1163,118380,2
1164,111438,2
1165,111842,2
1166,111907,2
1167,1449999,2
1168,118203,2
1169,112239,2
1170,1652488,2
1171,112317,2
1172,112224,2
1173,112207,2
1174,112222,2
1175,112196,2
1176,112219,2
1177,118241,2
1178,112220,2
1179,100079,2
1180,1060938,2
1181,1617835,2
1182,1125054,2
1183,536506,2
1184,752405,2
1185,99820,2
1186,1617151,2
1187,99745,2
1188,112260,2
1189,744070,2
1190,530289,2
1191,1568814,2
1192,112305,2
1193,1624570,2
1194,2612679,2
1195,2101193,2
1196,1129382,2
1197,1355739,2
1198,520594,2
1199,93280,2
1200,112329,2
1201,112225,2
1202,112299,2
1203,112257,2
1204,1231473,2
1205,112134,2
1206,111873,2
1207,1886321,2
1208,118271,2
1209,112135,2
1210,112082,2
1211,118284,2
1212,2392223,2
1213,111918,2
1214,111920,2
1215,1301891,2
1216,2441412,2
1217,2424950,2
1218,111901,2
1219,118311,2
1220,111929,2
1221,111910,2
1222,111880,2
1223,111891,2
1224,112016,2
1225,112137,2
1226,112011,2
1227,2419918,2
1228,2433459,2
1229,112105,2
1230,118244,2
1231,1433861,2
1232,1678386,2
1233,112202,2
1234,112115,2
1235,112095,2
1236,112128,2
1237,2139907,2
1238,112146,2
1239,2419831,2
1240,112067,2
1241,112106,2
1242,1472744,2
1243,1716404,2
1244,894479,2
1245,108186,2
1246,104234,2
1247,108373,2
1248,108496,2
1249,108350,2
1250,108297,2
1251,108272,2
1252,108370,2
1253,145841,2
1254,108384,2
1255,108302,2
1256,108316,2
1257,291976,2
1258,1253123,2
1259,145763,2
1260,108084,2
1261,145761,2
1262,796681,2
1263,852540,2
1264,108470,2
1265,1910448,2
1266,108578,2
1267,108527,2
1268,108572,2
1269,108608,2
1270,104095,2
1271,108502,2
1272,108391,2
1273,108485,2
1274,108568,2
1275,108409,2
1276,108406,2
1277,108404,2
1278,104121,2
1279,108085,2
1280,108233,2
1281,108089,2
1282,104425,2
1283,107686,2
1284,107783,2
1285,107901,2
1286,104393,2
1287,107743,2
1288,2026799,2
1289,104462,2
1290,145743,2
1291,104837,2
1292,107655,2
1293,315529,2
1294,107637,2
1295,1387268,2
1296,109298,2
1297,283462,2
1298,107814,2
1299,107875,2
1300,107892,2
1301,2407387,2
1302,874909,2
1303,107833,2
1304,104306,2
1305,107979,2
1306,107912,2
1307,108230,2
1308,284955,2
1309,107904,2
1310,107952,2
1311,108110,2
1312,108304,2
1313,104239,2
1314,108585,2
1315,94252,2
1316,108569,2
1317,109024,2
1318,109084,2
1319,103833,2
1320,109063,2
1321,186596,2
1322,793258,2
1323,109077,2
1324,109042,2
1325,793267,2
1326,103831,2
1327,109011,2
1328,109026,2
1329,1058090,2
1330,109286,2
1331,109269,2
1332,109070,2
1333,109079,2
1334,109125,2
1335,797143,2
1336,790488,2
1337,109246,2
1338,76966,2
1339,109404,2
1340,109207,2
1341,109191,2
1342,103794,2
1343,792537,2
1344,789896,2
1345,103753,2
1346,103757,2
1347,103708,2
1348,110655,2
1349,1505800,2
1350,108906,2
1351,145636,2
1352,108718,2
1353,108785,2
1354,108755,2
1355,108760,2
1356,108639,2
1357,108730,2
1358,793952,2
1359,108729,2
1360,103487,2
1361,145641,2
1362,108772,2
1363,2386480,2
1364,109476,2
1365,109136,2
1366,104009,2
1367,108846,2
1368,108781,2
1369,108762,2
1370,108830,2
1371,108850,2
1372,794048,2
1373,108752,2
1374,108775,2
1375,103915,2
1376,108863,2
1377,108856,2
1378,103933,2
1379,109101,2
1380,109432,2
1381,145677,2
1382,1876220,2
1383,108893,2
1384,107610,2
1385,107539,2
1386,103740,2
1387,104972,2
1388,105904,2
1389,1741,2
1390,106021,2
1391,105837,2
1392,105860,2
1393,105728,2
1394,105703,2
1395,105917,2
1396,88804,2
1397,105690,2
1398,108782,2
1399,104977,2
1400,108497,2
1401,108431,2
1402,2390269,2
1403,145896,2
1404,107542,2
1405,106290,2
1406,2620957,2
1407,106208,2
1408,104906,2
1409,106197,2
1410,106167,2
1411,106192,2
1412,106078,2
1413,1955969,2
1414,104948,2
1415,106084,2
1416,104802,2
1417,106071,2
1418,145875,2
1419,106022,2
1420,105018,2
1421,108017,2
1422,107034,2
1423,105525,2
1424,105537,2
1425,105079,2
1426,105103,2
1427,105131,2
1428,105545,2
1429,105170,2
1430,105355,2
1431,4068549,2
1432,101989,2
1433,105176,2
1434,105408,2
1435,105303,2
1436,1549029,2
1437,105256,2
1438,105187,2
1439,105857,2
1440,105807,2
1441,105595,2
1442,2555770,2
1443,110236,2
1444,105111,2
1445,109684,2
1446,110915,2
1447,109349,2
1448,105038,2
1449,110169,2
1450,110885,2
1451,110657,2
1452,110506,2
1453,110360,2
1454,109529,2
1455,104914,2
1456,106333,2
1457,106440,2
1458,145821,2
1459,107317,2
1460,107260,2
1461,2408703,2
1462,894919,2
1463,107261,2
1464,107325,2
1465,107197,2
1466,60314,2
1467,104496,2
1468,107199,2
1469,104557,2
1470,1144686,2
1471,107122,2
1472,107166,2
1473,107439,2
1474,107360,2
1475,107369,2
1476,107451,2
1477,107473,2
1478,107474,2
1479,104510,2
1480,107484,2
1481,107868,2
1482,281898,2
1483,107563,2
1484,107471,2
1485,338538,2
1486,107465,2
1487,107483,2
1488,1262428,2
1489,107540,2
1490,58372,2
1491,104579,2
1492,106357,2
1493,104808,2
1494,104655,2
1495,106530,2
1496,1168887,2
1497,145887,2
1498,106538,2
1499,106385,2
1500,106406,2
1501,107024,2
1502,106527,2
1503,106384,2
1504,106388,2
1505,105979,2
1506,106625,2
1507,106595,2
1508,106877,2
1509,106629,2
1510,106634,2
1511,106655,2
1512,106659,2
1513,1354339,2
1514,106707,2
1515,1180570,2
1516,62382,2
1517,106786,2
1518,106771,2
1519,106775,2
1520,104551,2
1521,106967,2
1522,106964,2
1523,106933,2
1524,99622,2
1525,109221,2
1526,109923,2
1527,109481,2
1528,347528,2
1529,109624,2
1530,1097246,2
1531,109527,2
1532,2344327,2
1533,109386,2
1534,137739,2
1535,109724,2
1536,134748,2
1537,109953,2
1538,109714,2
1539,109729,2
1540,109966,2
1541,109314,2
1542,109469,2
1543,109893,2
1544,109695,2
1545,789603,2
1546,2456081,2
1547,343297,2
1548,109833,2
1549,109932,2
1550,894843,2
1551,109530,2
1552,109939,2
1553,109336,2
1554,375497,2
1555,110264,2
1556,109916,2
1557,109420,2
1558,789774,2
1559,109931,2
1560,109395,2
1561,109872,2
1562,109858,2
1563,109776,2
1564,109592,2
1565,101681,2
1566,109392,2
1567,109479,2
1568,109509,2
1569,108595,2
1570,109904,2
1571,109897,2
1572,137749,2
1573,109896,2
1574,102720,2
1575,109406,2
1576,109586,2
1577,799976,2
1578,109929,2
1579,109616,2
1580,347649,2
1581,109836,2
1582,110923,2
1583,1592076,2
1584,110062,2
1585,109716,2
1586,335067,2
1587,109723,2
1588,110938,2
1589,109533,2
1590,76903,2
1591,109622,2
1592,109606,2
1593,1773615,2
1594,281765,2
1595,109611,2
1596,109506,2
1597,109289,2
1598,110033,2
1599,109642,2
1600,109296,2
1601,109587,2
1602,109874,2
1603,109648,2
1604,109541,2
1605,110113,2
1606,109871,2
1607,109894,2
1608,789140,2
1609,109822,2
1610,2119775,2
1611,109505,2
1612,894878,2
1613,145928,1
1614,722611,1
1615,789276,1
1616,118022,1
1617,2165500,1
1618,1374294,1
1619,2188537,1
1620,1799645,1
1621,1384755,1
1622,78034,1
1623,145793,1
1624,2436073,1
1625,2365615,1
1626,1466761,1
1627,145788,1
1628,145904,1
1629,2208866,1
1630,1590505,1
1631,1517348,1
1632,2378735,1
1633,2427543,1
1634,37726,1
1635,2456049,1
1636,1195173,1
1637,1634893,1
1638,145922,1
1639,118044,1
1640,1497079,1
1641,2436060,1
1642,118058,1
1643,1768097,1
1644,136990,1
1645,118029,1
1646,2555137,1
1647,789600,1
1648,118049,1
1649,2347917,1
1650,1198745,1
1651,1768079,1
1652,2190027,1
1653,136995,1
1654,533863,1
1655,867448,1
1656,2959736,1
1657,130159,1
1658,1768046,1
1659,1984885,1
1660,118052,1
1661,2959737,1
1662,2459753,1
1663,783175,1
1664,2280145,1
1665,717539,1
1666,1769810,1
1667,2567,1
1668,118055,1
1669,1769396,1
1670,1057701,1
1671,127915,1
1672,2435981,1
1673,2334003,1
1674,1057691,1
1675,3195890,1
1676,136986,1
1677,1518823,1
1678,1057682,1
1679,1369576,1
1680,1057558,1
1681,145786,1
1682,118066,1
1683,145804,1
1684,1707183,1
1685,182992,1
1686,122241,1
1687,1172635,1
1688,136996,1
1689,1440936,1
1690,127898,1
1691,127897,1
1692,781045,1
1693,2442304,1
1694,1239150,1
1695,743021,1
1696,2419604,1
1697,1088006,1
1698,741725,1
1699,1669236,1
1700,2419717,1
1701,118146,1
1702,1441272,1
1703,2600346,1
1704,118133,1
1705,894975,1
1706,1913318,1
1707,1518709,1
1708,1518815,1
1709,2959735,1
1710,118176,1
1711,213842,1
1712,169688,1
1713,1628737,1
1714,1058533,1
1715,1628712,1
1716,52836,1
1717,1572837,1
1718,2355604,1
1719,1441641,1
1720,118234,1
1721,1400009,1
1722,118191,1
1723,1758559,1
1724,894512,1
1725,2186852,1
1726,2393713,1
1727,145824,1
1728,136997,1
1729,118151,1
1730,118155,1
1731,118149,1
1732,743063,1
1733,118103,1
1734,118147,1
1735,118096,1
1736,1172684,1
1737,118089,1
1738,1057702,1
1739,145815,1
1740,1061016,1
1741,1743739,1
1742,2369599,1
1743,210093,1
1744,2365320,1
1745,76142,1
1746,1651558,1
1747,30595,1
1748,118112,1
1749,1517312,1
1750,187127,1
1751,118082,1
1752,118104,1
1753,2393810,1
1754,1774526,1
1755,145777,1
1756,2280007,1
1757,118092,1
1758,118136,1
1759,136991,1
1760,782687,1
1761,187112,1
1762,145810,1
1763,852521,1
1764,118140,1
1765,118142,1
1766,1622023,1
1767,127908,1
1768,137006,1
1769,786528,1
1770,2456313,1
1771,2441758,1
1772,145823,1
1773,118086,1
1774,118073,1
1775,145795,1
1776,136985,1
1777,1024616,1
1778,127910,1
1779,1752114,1
1780,1122997,1
1781,1876270,1
1782,1466352,1
1783,1404569,1
1784,151874,1
1785,145902,1
1786,1634900,1
1787,131156,1
1788,117921,1
1789,117881,1
1790,1831507,1
1791,1624292,1
1792,117879,1
1793,1723,1
1794,1198401,1
1795,69239,1
1796,131143,1
1797,2454480,1
1798,1327873,1
1799,2385579,1
1800,2103208,1
1801,1756851,1
1802,186102,1
1803,1525249,1
1804,709483,1
1805,131150,1
1806,1504375,1
1807,2049216,1
1808,1666994,1
1809,69193,1
1810,894667,1
1811,1296847,1
1812,1466713,1
1813,2039068,1
1814,786337,1
1815,1744524,1
1816,117906,1
1817,117925,1
1818,1347861,1
1819,2462904,1
1820,1426709,1
1821,1345341,1
1822,1742550,1
1823,2170749,1
1824,1506546,1
1825,117920,1
1826,1427687,1
1827,2613958,1
1828,117916,1
1829,2144,1
1830,1778930,1
1831,1732,1
1832,174339,1
1833,117927,1
1834,117902,1
1835,117897,1
1836,894518,1
1837,894650,1
1838,1781931,1
1839,895111,1
1840,1031351,1
1841,662444,1
1842,1214574,1
1843,117845,1
1844,1196495,1
1845,1087955,1
1846,1196458,1
1847,1604196,1
1848,894530,1
1849,147529,1
1850,2384392,1
1851,2071314,1
1852,134730,1
1853,3195092,1
1854,1512335,1
1855,1087946,1
1856,1897742,1
1857,117831,1
1858,895227,1
1859,146982,1
1860,148483,1
1861,150540,1
1862,1087959,1
1863,1502612,1
1864,117861,1
1865,1638295,1
1866,895218,1
1867,2384440,1
1868,131161,1
1869,2384922,1
1870,78783,1
1871,670602,1
1872,670563,1
1873,895123,1
1874,895104,1
1875,195359,1
1876,149702,1
1877,1781968,1
1878,117852,1
1879,117843,1
1880,117868,1
1881,785139,1
1882,1761443,1
1883,1434187,1
1884,894792,1
1885,4040778,1
1886,134724,1
1887,4486661,1
1888,4050204,1
1889,664098,1
1890,117907,1
1891,117947,1
1892,1505592,1
1893,1972135,1
1894,1370428,1
1895,118008,1
1896,117985,1
1897,1057579,1
1898,1667554,1
1899,117982,1
1900,802791,1
1901,1199726,1
1902,127929,1
1903,118026,1
1904,118011,1
1905,903971,1
1906,1773703,1
1907,118027,1
1908,145853,1
1909,148795,1
1910,117980,1
1911,1096454,1
1912,852415,1
1913,187335,1
1914,1919820,1
1915,1158522,1
1916,1516927,1
1917,117996,1
1918,1676406,1
1919,1676536,1
1920,1488373,1
1921,2425092,1
1922,895103,1
1923,187264,1
1924,1723189,1
1925,894594,1
1926,894601,1
1927,118018,1
1928,1253246,1
1929,151630,1
1930,1768224,1
1931,2405707,1
1932,1638441,1
1933,118054,1
1934,784122,1
1935,2435941,1
1936,76840,1
1937,1986278,1
1938,1378954,1
1939,118013,1
1940,145882,1
1941,2353970,1
1942,1384892,1
1943,1523430,1
1944,1067400,1
1945,858288,1
1946,131149,1
1947,117952,1
1948,2425437,1
1949,2372081,1
1950,903985,1
1951,76282,1
1952,2341345,1
1953,698654,1
1954,65009,1
1955,1028717,1
1956,894534,1
1957,145857,1
1958,187408,1
1959,2372264,1
1960,1860086,1
1961,2274174,1
1962,852364,1
1963,894501,1
1964,1744465,1
1965,1730477,1
1966,66469,1
1967,894688,1
1968,117928,1
1969,117948,1
1970,894609,1
1971,1216632,1
1972,1751575,1
1973,145912,1
1974,1960391,1
1975,1466695,1
1976,1713964,1
1977,1713584,1
1978,782419,1
1979,1746487,1
1980,1751153,1
1981,78212,1
1982,1191667,1
1983,697374,1
1984,705166,1
1985,1449618,1
1986,145897,1
1987,1450793,1
1988,1207928,1
1989,2381317,1
1990,1473573,1
1991,2452694,1
1992,117954,1
1993,694395,1
1994,2457123,1
1995,50964,1
1996,1058651,1
1997,788614,1
1998,1755500,1
1999,773312,1
2000,1871161,1
2001,118482,1
2002,789071,1
2003,1449946,1
2004,1400629,1
2005,1755090,1
2006,2594580,1
2007,2590211,1
2008,1401705,1
2009,1060565,1
2010,145640,1
2011,137736,1
2012,770720,1
2013,145659,1
2014,2336357,1
2015,142878,1
2016,1060573,1
2017,1755222,1
2018,142877,1
2019,2336338,1
2020,145658,1
2021,1426655,1
2022,1473130,1
2023,1987937,1
2024,1561283,1
2025,1060560,1
2026,1473088,1
2027,1369755,1
2028,1488951,1
2029,77176,1
2030,852727,1
2031,77213,1
2032,2569285,1
2033,1743657,1
2034,4041501,1
2035,2382247,1
2036,118506,1
2037,4050837,1
2038,145646,1
2039,2358790,1
2040,799980,1
2041,1401302,1
2042,2330582,1
2043,1393999,1
2044,118394,1
2045,894940,1
2046,142888,1
2047,1893616,1
2048,2812210,1
2049,4065280,1
2050,1561296,1
2051,1264744,1
2052,118352,1
2053,1591702,1
2054,894654,1
2055,145633,1
2056,118356,1
2057,145654,1
2058,2542207,1
2059,1507483,1
2060,118362,1
2061,2586015,1
2062,1931082,1
2063,219618,1
2064,121160,1
2065,118385,1
2066,1662330,1
2067,1862257,1
2068,799995,1
2069,118509,1
2070,218926,1
2071,118363,1
2072,1855348,1
2073,620566,1
2074,1859517,1
2075,2291611,1
2076,118357,1
2077,1591751,1
2078,2335578,1
2079,145631,1
2080,1195356,1
2081,1870438,1
2082,1991912,1
2083,1426670,1
2084,1368565,1
2085,1404813,1
2086,792194,1
2087,2167279,1
2088,186714,1
2089,1316339,1
2090,794053,1
2091,625833,1
2092,145635,1
2093,118379,1
2094,1376987,1
2095,118370,1
2096,1087670,1
2097,2102137,1
2098,894669,1
2099,75789,1
2100,1060638,1
2101,145655,1
2102,794938,1
2103,1796535,1
2104,1398289,1
2105,145683,1
2106,118435,1
2107,894744,1
2108,799972,1
2109,76909,1
2110,799985,1
2111,118465,1
2112,777660,1
2113,2795278,1
2114,799986,1
2115,1509090,1
2116,1382990,1
2117,142897,1
2118,625711,1
2119,894661,1
2120,1685186,1
2121,118475,1
2122,2059074,1
2123,185776,1
2124,142891,1
2125,118438,1
2126,142885,1
2127,846742,1
2128,791054,1
2129,118434,1
2130,1768496,1
2131,1382816,1
2132,22179,1
2133,2102530,1
2134,2336088,1
2135,1353577,1
2136,626475,1
2137,790098,1
2138,186422,1
2139,1060435,1
2140,1383975,1
2141,776215,1
2142,2520562,1
2143,2454740,1
2144,118471,1
2145,2587254,1
2146,1463737,1
2147,2514219,1
2148,790258,1
2149,142900,1
2150,1560577,1
2151,1676997,1
2152,2451326,1
2153,2342471,1
2154,790470,1
2155,799969,1
2156,2620700,1
2157,2355344,1
2158,4072315,1
2159,772508,1
2160,118492,1
2161,1573449,1
2162,772352,1
2163,2355377,1
2164,40371,1
2165,40800,1
2166,776532,1
2167,1560592,1
2168,793161,1
2169,2581568,1
2170,2187950,1
2171,1450063,1
2172,167110,1
2173,1386727,1
2174,1397881,1
2175,145669,1
2176,118474,1
2177,1660655,1
2178,1439928,1
2179,894827,1
2180,118450,1
2181,4076226,1
2182,118410,1
2183,118415,1
2184,145120,1
2185,1060512,1
2186,1666850,1
2187,77090,1
2188,791239,1
2189,1560975,1
2190,1987540,1
2191,118430,1
2192,791122,1
2193,118468,1
2194,130146,1
2195,118424,1
2196,1269289,1
2197,166438,1
2198,1579863,1
2199,2103770,1
2200,782711,1
2201,1579981,1
2202,145653,1
2203,1749669,1
2204,1060440,1
2205,1369425,1
2206,1975595,1
2207,142894,1
2208,77183,1
2209,118470,1
2210,1859852,1
2211,4064707,1
2212,2449687,1
2213,118299,1
2214,1420164,1
2215,145754,1
2216,145734,1
2217,1376467,1
2218,205712,1
2219,76731,1
2220,1774259,1
2221,1985231,1
2222,118264,1
2223,205788,1
2224,1404060,1
2225,118250,1
2226,1404049,1
2227,778649,1
2228,1615721,1
2229,2628104,1
2230,145714,1
2231,2424965,1
2232,118274,1
2233,1769103,1
2234,145700,1
2235,2115945,1
2236,1657265,1
2237,4078114,1
2238,1759709,1
2239,2623595,1
2240,1376983,1
2241,118288,1
2242,4069331,1
2243,2271405,1
2244,894797,1
2245,184876,1
2246,763587,1
2247,137725,1
2248,894798,1
2249,118307,1
2250,118313,1
2251,2297954,1
2252,1878200,1
2253,118294,1
2254,1533349,1
2255,1877704,1
2256,118295,1
2257,118309,1
2258,1060765,1
2259,1060770,1
2260,118268,1
2261,118277,1
2262,118290,1
2263,1678149,1
2264,2463940,1
2265,1060825,1
2266,777357,1
2267,2519835,1
2268,118224,1
2269,1902533,1
2270,2511552,1
2271,2377988,1
2272,118179,1
2273,1067172,1
2274,626055,1
2275,852667,1
2276,2706,1
2277,2244731,1
2278,1759068,1
2279,1773390,1
2280,2165821,1
2281,1785528,1
2282,118202,1
2283,122248,1
2284,118214,1
2285,118181,1
2286,1868222,1
2287,2441554,1
2288,1060945,1
2289,127899,1
2290,1060948,1
2291,118219,1
2292,2377590,1
2293,1060830,1
2294,2206245,1
2295,1756181,1
2296,1580809,1
2297,1580987,1
2298,1198942,1
2299,757271,1
2300,2590164,1
2301,145712,1
2302,2466562,1
2303,1759607,1
2304,1060855,1
2305,1313833,1
2306,2178044,1
2307,1535016,1
2308,1507967,1
2309,1902551,1
2310,2521321,1
2311,1859397,1
2312,1781373,1
2313,1507975,1
2314,754643,1
2315,1678167,1
2316,1768927,1
2317,118245,1
2318,1748025,1
2319,118289,1
2320,118300,1
2321,1400636,1
2322,1960811,1
2323,2278672,1
2324,118323,1
2325,186865,1
2326,118329,1
2327,768822,1
2328,1473138,1
2329,1672508,1
2330,118332,1
2331,1499353,1
2332,3168776,1
2333,1057916,1
2334,217703,1
2335,121153,1
2336,145722,1
2337,2680439,1
2338,1773372,1
2339,769157,1
2340,185024,1
2341,145738,1
2342,2264742,1
2343,145730,1
2344,849023,1
2345,781115,1
2346,118339,1
2347,118296,1
2348,118326,1
2349,782464,1
2350,794386,1
2351,2342370,1
2352,767828,1
2353,1662103,1
2354,795526,1
2355,2211727,1
2356,118371,1
2357,1057949,1
2358,789854,1
2359,1507113,1
2360,118347,1
2361,1635395,1
2362,2633651,1
2363,137742,1
2364,118368,1
2365,777869,1
2366,77471,1
2367,137733,1
2368,118353,1
2369,789527,1
2370,2277242,1
2371,4065704,1
2372,121169,1
2373,2105782,1
2374,1081009,1
2375,1057883,1
2376,1501169,1
2377,2330904,1
2378,894908,1
2379,2588350,1
2380,1762668,1
2381,763642,1
2382,764384,1
2383,2506080,1
2384,1534062,1
2385,145737,1
2386,1533957,1
2387,2425692,1
2388,1754523,1
2389,118317,1
2390,2175651,1
2391,145749,1
2392,1181141,1
2393,145709,1
2394,1249351,1
2395,3153112,1
2396,2390370,1
2397,118318,1
2398,216733,1
2399,1060712,1
2400,3203656,1
2401,1060708,1
2402,1206802,1
2403,2374879,1
2404,1580727,1
2405,1947466,1
2406,1987708,1
2407,219509,1
2408,4074428,1
2409,4051915,1
2410,4076297,1
2411,121157,1
2412,1397325,1
2413,2331188,1
2414,145764,1
2415,781722,1
2416,137002,1
2417,1783748,1
2418,1397401,1
2419,183926,1
2420,76761,1
2421,2449754,1
2422,1353786,1
2423,159430,1
2424,622304,1
2425,1991772,1
2426,2443943,1
2427,1087957,1
2428,110307,1
2429,109604,1
2430,109560,1
2431,109621,1
2432,109694,1
2433,110428,1
2434,110237,1
2435,109638,1
2436,110031,1
2437,109627,1
2438,109682,1
2439,109590,1
2440,109679,1
2441,109677,1
2442,109727,1
2443,1175611,1
2444,315819,1
2445,109518,1
2446,109504,1
2447,109511,1
2448,109517,1
2449,109525,1
2450,109535,1
2451,109503,1
2452,109495,1
2453,109454,1
2454,109492,1
2455,109403,1
2456,109433,1
2457,2347482,1
2458,109429,1
2459,109338,1
2460,104394,1
2461,109680,1
2462,109698,1
2463,109857,1
2464,110140,1
2465,109976,1
2466,109965,1
2467,1773652,1
2468,1291154,1
2469,2431765,1
2470,109940,1
2471,109860,1
2472,109925,1
2473,109867,1
2474,109895,1
2475,109861,1
2476,109876,1
2477,109866,1
2478,109892,1
2479,109731,1
2480,109830,1
2481,109820,1
2482,109809,1
2483,109818,1
2484,109773,1
2485,109930,1
2486,109768,1
2487,109823,1
2488,109666,1
2489,264122,1
2490,2045847,1
2491,109718,1
2492,109725,1
2493,109671,1
2494,109539,1
2495,109528,1
2496,109437,1
2497,108995,1
2498,109133,1
2499,1246483,1
2500,109066,1
2501,109004,1
2502,109052,1
2503,109137,1
2504,109128,1
2505,109069,1
2506,318518,1
2507,109059,1
2508,109050,1
2509,104034,1
2510,108968,1
2511,108988,1
2512,109087,1
2513,109130,1
2514,109048,1
2515,109020,1
2516,2231986,1
2517,108974,1
2518,108914,1
2519,108980,1
2520,109449,1
2521,109023,1
2522,109016,1
2523,108909,1
2524,108962,1
2525,108993,1
2526,108896,1
2527,108888,1
2528,109214,1
2529,109117,1
2530,109416,1
2531,109310,1
2532,1510319,1
2533,109348,1
2534,109438,1
2535,109491,1
2536,109522,1
2537,330277,1
2538,338705,1
2539,109258,1
2540,109292,1
2541,109272,1
2542,109520,1
2543,109270,1
2544,109267,1
2545,109304,1
2546,109291,1
2547,109769,1
2548,109565,1
2549,109218,1
2550,109271,1
2551,109237,1
2552,109225,1
2553,109216,1
2554,109200,1
2555,109204,1
2556,109220,1
2557,1682020,1
2558,109134,1
2559,110273,1
2560,358671,1
2561,110327,1
2562,109967,1
2563,110020,1
2564,108882,1
2565,110658,1
2566,110550,1
2567,1724166,1
2568,1530240,1
2569,3708977,1
2570,110649,1
2571,110758,1
2572,110654,1
2573,110017,1
2574,110706,1
2575,110686,1
2576,110693,1
2577,110712,1
2578,110660,1
2579,2055758,1
2580,110470,1
2581,110520,1
2582,110534,1
2583,110507,1
2584,110459,1
2585,1534495,1
2586,109615,1
2587,110473,1
2588,110464,1
2589,110441,1
2590,110466,1
2591,110416,1
2592,110372,1
2593,110458,1
2594,110436,1
2595,2300512,1
2596,110352,1
2597,110720,1
2598,110754,1
2599,110719,1
2600,398132,1
2601,110889,1
2602,110942,1
2603,110904,1
2604,110914,1
2605,110810,1
2606,1188198,1
2607,110827,1
2608,110829,1
2609,2367165,1
2610,110874,1
2611,1518420,1
2612,110890,1
2613,110917,1
2614,111946,1
2615,404985,1
2616,110782,1
2617,403677,1
2618,110787,1
2619,110748,1
2620,110797,1
2621,419638,1
2622,406603,1
2623,110764,1
2624,110807,1
2625,110750,1
2626,110714,1
2627,110757,1
2628,110709,1
2629,110667,1
2630,110798,1
2631,110475,1
2632,110374,1
2633,110425,1
2634,110112,1
2635,110188,1
2636,1180855,1
2637,110155,1
2638,110225,1
2639,110228,1
2640,110161,1
2641,1943901,1
2642,110132,1
2643,110103,1
2644,110109,1
2645,110049,1
2646,110135,1
2647,365454,1
2648,110116,1
2649,110078,1
2650,110217,1
2651,110097,1
2652,398255,1
2653,110098,1
2654,1150463,1
2655,110093,1
2656,110128,1
2657,110096,1
2658,110075,1
2659,110063,1
2660,1876669,1
2661,2222573,1
2662,110044,1
2663,110060,1
2664,2025624,1
2665,110230,1
2666,1740160,1
2667,110380,1
2668,110311,1
2669,454686,1
2670,110366,1
2671,1502502,1
2672,110353,1
2673,110336,1
2674,1680466,1
2675,1430305,1
2676,110333,1
2677,110268,1
2678,110299,1
2679,110325,1
2680,110320,1
2681,1265798,1
2682,1509015,1
2683,1145118,1
2684,1783797,1
2685,110305,1
2686,110331,1
2687,110261,1
2688,110315,1
2689,110256,1
2690,110317,1
2691,386938,1
2692,110215,1
2693,110244,1
2694,110274,1
2695,110298,1
2696,110185,1
2697,110232,1
2698,110338,1
2699,108913,1
2700,1683166,1
2701,1969681,1
2702,107748,1
2703,109760,1
2704,111252,1
2705,111093,1
2706,110245,1
2707,109402,1
2708,110076,1
2709,108362,1
2710,106722,1
2711,108375,1
2712,110275,1
2713,105646,1
2714,105130,1
2715,105299,1
2716,105748,1
2717,105731,1
2718,105689,1
2719,105681,1
2720,105609,1
2721,105508,1
2722,105460,1
2723,105484,1
2724,105314,1
2725,105312,1
2726,105337,1
2727,105285,1
2728,105281,1
2729,105242,1
2730,105249,1
2731,105243,1
2732,105202,1
2733,105167,1
2734,105802,1
2735,105820,1
2736,105963,1
2737,105866,1
2738,106729,1
2739,1339060,1
2740,106660,1
2741,106577,1
2742,105205,1
2743,106622,1
2744,106566,1
2745,106496,1
2746,261260,1
2747,106499,1
2748,106434,1
2749,106449,1
2750,94565,1
2751,106534,1
2752,106883,1
2753,105930,1
2754,106407,1
2755,106329,1
2756,106172,1
2757,106187,1
2758,106127,1
2759,106097,1
2760,106049,1
2761,105978,1
2762,105977,1
2763,106079,1
2764,105191,1
2765,105912,1
2766,105920,1
2767,105862,1
2768,105186,1
2769,104831,1
2770,105059,1
2771,103096,1
2772,105751,1
2773,104615,1
2774,110783,1
2775,110997,1
2776,111187,1
2777,111227,1
2778,389145,1
2779,437447,1
2780,103542,1
2781,103511,1
2782,103490,1
2783,1384522,1
2784,103369,1
2785,103276,1
2786,103243,1
2787,109455,1
2788,103017,1
2789,102952,1
2790,101897,1
2791,97365,1
2792,102283,1
2793,102106,1
2794,100923,1
2795,101022,1
2796,101320,1
2797,100734,1
2798,100413,1
2799,3602618,1
2800,97437,1
2801,84759,1
2802,110159,1
2803,110272,1
2804,105054,1
2805,350872,1
2806,104979,1
2807,104912,1
2808,104881,1
2809,104896,1
2810,104849,1
2811,104758,1
2812,1507366,1
2813,104660,1
2814,104630,1
2815,104668,1
2816,104623,1
2817,103537,1
2818,101540,1
2819,104491,1
2820,109431,1
2821,103716,1
2822,104357,1
2823,104318,1
2824,104302,1
2825,103892,1
2826,103741,1
2827,104269,1
2828,104216,1
2829,104224,1
2830,104170,1
2831,104131,1
2832,104057,1
2833,104061,1
2834,103820,1
2835,103701,1
2836,106699,1
2837,1447366,1
2838,312370,1
2839,1454918,1
2840,108279,1
2841,108236,1
2842,108378,1
2843,108341,1
2844,1753847,1
2845,108348,1
2846,106757,1
2847,106837,1
2848,108360,1
2849,108380,1
2850,108379,1
2851,108361,1
2852,108413,1
2853,108526,1
2854,2392344,1
2855,108329,1
2856,291722,1
2857,108183,1
2858,296468,1
2859,108194,1
2860,108154,1
2861,1176122,1
2862,108148,1
2863,108135,1
2864,108088,1
2865,108215,1
2866,108032,1
2867,108184,1
2868,1123105,1
2869,393156,1
2870,108033,1
2871,108417,1
2872,108420,1
2873,108466,1
2874,108709,1
2875,109898,1
2876,314756,1
2877,108813,1
2878,108799,1
2879,108857,1
2880,108792,1
2881,108810,1
2882,108824,1
2883,108793,1
2884,1836476,1
2885,108736,1
2886,108634,1
2887,108766,1
2888,108640,1
2889,108839,1
2890,108554,1
2891,2379542,1
2892,108655,1
2893,109594,1
2894,109855,1
2895,330882,1
2896,108612,1
2897,108533,1
2898,108488,1
2899,108611,1
2900,108597,1
2901,108714,1
2902,108492,1
2903,108472,1
2904,108495,1
2905,2326045,1
2906,284398,1
2907,107898,1
2908,107202,1
2909,107318,1
2910,107254,1
2911,107250,1
2912,1531833,1
2913,107265,1
2914,107209,1
2915,107194,1
2916,107187,1
2917,107248,1
2918,107247,1
2919,107191,1
2920,84695,1
2921,104944,1
2922,107162,1
2923,107138,1
2924,107336,1
2925,107082,1
2926,107015,1
2927,107016,1
2928,106995,1
2929,106990,1
2930,107086,1
2931,106968,1
2932,106963,1
2933,106973,1
2934,106948,1
2935,106936,1
2936,106847,1
2937,106788,1
2938,106784,1
2939,107291,1
2940,107607,1
2941,108113,1
2942,107736,1
2943,107970,1
2944,1434653,1
2945,102455,1
2946,107884,1
2947,107971,1
2948,107890,1
2949,107871,1
2950,107840,1
2951,107831,1
2952,107841,1
2953,107730,1
2954,107716,1
2955,107672,1
2956,460134,1
2957,107679,1
2958,107394,1
2959,107669,1
2960,107749,1
2961,107654,1
2962,107609,1
2963,107625,1
2964,107657,1
2965,107564,1
2966,1544998,1
2967,2464872,1
2968,108266,1
2969,107965,1
2970,106413,1
2971,291958,1
2972,107413,1
2973,110832,1
2974,110895,1
2975,110932,1
2976,112606,1
2977,112512,1
2978,112522,1
2979,112634,1
2980,112605,1
2981,112530,1
2982,112564,1
2983,112620,1
2984,112708,1
2985,1351151,1
2986,112626,1
2987,112585,1
2988,112579,1
2989,112635,1
2990,112568,1
2991,112559,1
2992,112570,1
2993,112513,1
2994,112557,1
2995,112508,1
2996,629096,1
2997,1717810,1
2998,2182764,1
2999,677160,1
3000,1223531,1
3001,112493,1
3002,2376061,1
3003,554895,1
3004,1492801,1
3005,2376224,1
3006,540063,1
3007,1577083,1
3008,112558,1
3009,112633,1
3010,112610,1
3011,112618,1
3012,112657,1
3013,112780,1
3014,112742,1
3015,112659,1
3016,1670855,1
3017,1534849,1
3018,572183,1
3019,1664086,1
3020,559988,1
3021,572170,1
3022,715797,1
3023,157425,1
3024,112643,1
3025,112644,1
3026,1519115,1
3027,112577,1
3028,2379496,1
3029,112623,1
3030,557241,1
3031,556586,1
3032,2362840,1
3033,112637,1
3034,1498531,1
3035,112616,1
3036,112622,1
3037,1519282,1
3038,112594,1
3039,112628,1
3040,2363033,1
3041,2431025,1
3042,112446,1
3043,112470,1
3044,2464056,1
3045,522892,1
3046,1799434,1
3047,2405645,1
3048,1577216,1
3049,526798,1
3050,1568514,1
3051,1775827,1
3052,1775658,1
3053,112302,1
3054,112276,1
3055,112278,1
3056,112273,1
3057,112262,1
3058,112311,1
3059,112312,1
3060,521937,1
3061,112352,1
3062,112253,1
3063,112266,1
3064,112254,1
3065,112315,1
3066,112304,1
3067,1175427,1
3068,112226,1
3069,112259,1
3070,112241,1
3071,112218,1
3072,112255,1
3073,112256,1
3074,1170824,1
3075,112174,1
3076,112348,1
3077,112388,1
3078,112449,1
3079,112416,1
3080,112488,1
3081,112454,1
3082,669070,1
3083,2437821,1
3084,2402827,1
3085,112432,1
3086,112475,1
3087,112456,1
3088,112471,1
3089,537792,1
3090,555162,1
3091,541732,1
3092,112435,1
3093,660200,1
3094,112458,1
3095,2620710,1
3096,112434,1
3097,1849445,1
3098,112472,1
3099,112461,1
3100,112418,1
3101,112425,1
3102,112412,1
3103,112403,1
3104,112389,1
3105,112386,1
3106,531870,1
3107,112404,1
3108,112390,1
3109,112381,1
3110,112774,1
3111,1386258,1
3112,110941,1
3113,2428078,1
3114,112894,1
3115,112884,1
3116,112874,1
3117,1515115,1
3118,112873,1
3119,599327,1
3120,1471450,1
3121,112655,1
3122,112854,1
3123,112900,1
3124,1746084,1
3125,1099267,1
3126,659860,1
3127,715041,1
3128,658317,1
3129,117923,1
3130,112888,1
3131,112846,1
3132,674620,1
3133,2092445,1
3134,112821,1
3135,112877,1
3136,112845,1
3137,112883,1
3138,112835,1
3139,2431365,1
3140,112836,1
3141,112800,1
3142,112881,1
3143,112855,1
3144,112833,1
3145,112858,1
3146,112871,1
3147,1657369,1
3148,112931,1
3149,1087950,1
3150,1087954,1
3151,112934,1
3152,712999,1
3153,117872,1
3154,112935,1
3155,117836,1
3156,112428,1
3157,1524989,1
3158,117842,1
3159,112924,1
3160,1112368,1
3161,2429609,1
3162,112914,1
3163,1617031,1
3164,112898,1
3165,1617897,1
3166,1154894,1
3167,652883,1
3168,653703,1
3169,1746202,1
3170,1568694,1
3171,2446808,1
3172,662432,1
3173,2449637,1
3174,627349,1
3175,655512,1
3176,611569,1
3177,102356,1
3178,654585,1
3179,112826,1
3180,112808,1
3181,112798,1
3182,1740196,1
3183,1779630,1
3184,112725,1
3185,678504,1
3186,112787,1
3187,112764,1
3188,112773,1
3189,112763,1
3190,112729,1
3191,112730,1
3192,112753,1
3193,112711,1
3194,112728,1
3195,1348841,1
3196,1674551,1
3197,1829968,1
3198,112734,1
3199,112671,1
3200,112696,1
3201,112744,1
3202,112694,1
3203,112747,1
3204,112673,1
3205,2171641,1
3206,1663824,1
3207,112697,1
3208,112779,1
3209,112720,1
3210,112678,1
3211,112731,1
3212,1409168,1
3213,112766,1
3214,112771,1
3215,112795,1
3216,1784434,1
3217,1736343,1
3218,1659315,1
3219,1747332,1
3220,676501,1
3221,741900,1
3222,758304,1
3223,112844,1
3224,117894,1
3225,1513123,1
3226,1517488,1
3227,2451810,1
3228,1747577,1
3229,2607512,1
3230,1862307,1
3231,2431347,1
3232,112743,1
3233,584528,1
3234,1423352,1
3235,583649,1
3236,1766605,1
3237,2309234,1
3238,112812,1
3239,112778,1
3240,112783,1
3241,112754,1
3242,1171395,1
3243,583331,1
3244,1182224,1
3245,112767,1
3246,112768,1
3247,112212,1
3248,112209,1
3249,112323,1
3250,1618495,1
3251,111429,1
3252,111384,1
3253,111440,1
3254,111552,1
3255,111665,1
3256,1516609,1
3257,111517,1
3258,112258,1
3259,111501,1
3260,2248588,1
3261,111475,1
3262,111481,1
3263,111371,1
3264,111507,1
3265,515208,1
3266,111495,1
3267,111365,1
3268,111372,1
3269,111383,1
3270,111418,1
3271,547312,1
3272,111285,1
3273,111375,1
3274,111294,1
3275,111286,1
3276,112901,1
3277,111378,1
3278,111397,1
3279,111379,1
3280,111296,1
3281,336319,1
3282,111425,1
3283,111476,1
3284,111510,1
3285,111669,1
3286,111686,1
3287,111625,1
3288,108646,1
3289,111619,1
3290,111726,1
3291,111672,1
3292,520577,1
3293,2419359,1
3294,111610,1
3295,111622,1
3296,111736,1
3297,3940166,1
3298,111611,1
3299,111614,1
3300,111556,1
3301,111420,1
3302,111661,1
3303,111535,1
3304,111542,1
3305,111562,1
3306,111560,1
3307,111549,1
3308,2401383,1
3309,1403311,1
3310,1683515,1
3311,1946214,1
3312,111437,1
3313,111489,1
3314,450585,1
3315,450721,1
3316,111290,1
3317,111284,1
3318,111299,1
3319,110958,1
3320,111063,1
3321,1999258,1
3322,111105,1
3323,111173,1
3324,111113,1
3325,2615135,1
3326,1785010,1
3327,418200,1
3328,1828048,1
3329,1502558,1
3330,111015,1
3331,111017,1
3332,110964,1
3333,110956,1
3334,110990,1
3335,111116,1
3336,110963,1
3337,110981,1
3338,110966,1
3339,110935,1
3340,1306170,1
3341,110930,1
3342,110944,1
3343,110998,1
3344,110976,1
3345,1519873,1
3346,452073,1
3347,110965,1
3348,110921,1
3349,110901,1
3350,111117,1
3351,111143,1
3352,1484157,1
3353,111245,1
3354,1088444,1
3355,1434329,1
3356,441761,1
3357,442963,1
3358,111200,1
3359,111206,1
3360,111265,1
3361,111250,1
3362,111216,1
3363,111241,1
3364,111257,1
3365,111235,1
3366,111186,1
3367,111196,1
3368,111490,1
3369,111146,1
3370,111246,1
3371,111193,1
3372,111239,1
3373,111258,1
3374,111168,1
3375,1132095,1
3376,1505643,1
3377,111219,1
3378,111214,1
3379,111263,1
3380,111172,1
3381,463179,1
3382,111065,1
3383,111095,1
3384,111743,1
3385,111678,1
3386,111749,1
3387,112136,1
3388,540085,1
3389,112038,1
3390,112096,1
3391,112085,1
3392,112132,1
3393,112261,1
3394,513194,1
3395,112076,1
3396,112072,1
3397,2180853,1
3398,1540390,1
3399,112020,1
3400,112097,1
3401,112098,1
3402,112080,1
3403,112086,1
3404,112025,1
3405,112012,1
3406,112014,1
3407,111983,1
3408,111982,1
3409,112027,1
3410,111985,1
3411,111992,1
3412,112103,1
3413,2604071,1
3414,2072920,1
3415,111968,1
3416,111978,1
3417,111965,1
3418,112100,1
3419,112141,1
3420,111979,1
3421,2406026,1
3422,558155,1
3423,112270,1
3424,112166,1
3425,112227,1
3426,112252,1
3427,112157,1
3428,112163,1
3429,112176,1
3430,112177,1
3431,112155,1
3432,747578,1
3433,546093,1
3434,112490,1
3435,1827299,1
3436,112313,1
3437,112116,1
3438,508719,1
3439,505946,1
3440,112487,1
3441,505504,1
3442,112125,1
3443,112126,1
3444,112139,1
3445,112143,1
3446,504496,1
3447,112093,1
3448,112084,1
3449,112104,1
3450,1111558,1
3451,112121,1
3452,111977,1
3453,112017,1
3454,471042,1
3455,483262,1
3456,111865,1
3457,111856,1
3458,1228080,1
3459,111798,1
3460,111824,1
3461,111835,1
3462,111823,1
3463,111789,1
3464,111871,1
3465,111785,1
3466,111779,1
3467,1516495,1
3468,480360,1
3469,1807773,1
3470,1390131,1
3471,111833,1
3472,112145,1
3473,2432038,1
3474,111759,1
3475,111687,1
3476,111756,1
3477,111725,1
3478,111742,1
3479,111757,1
3480,468755,1
3481,2458281,1
3482,111721,1
3483,111738,1
3484,111732,1
3485,484872,1
3486,111912,1
3487,111858,1
3488,111987,1
3489,484679,1
3490,111966,1
3491,481719,1
3492,492074,1
3493,494238,1
3494,1745361,1
3495,488536,1
3496,112022,1
3497,111956,1
3498,111945,1
3499,111928,1
3500,111915,1
3501,111937,1
3502,111959,1
3503,2430956,1
3504,111926,1
3505,111859,1
3506,111936,1
3507,111958,1
3508,111957,1
3509,111892,1
3510,111913,1
3511,111921,1
3512,111933,1
3513,111919,1
3514,573068,1
3515,542297,1
3516,111882,1
3517,1845490,1
3518,111862,1
3519,111927,1
3520,4178195,1
